Gaurav,1234567890,gaurav@webonise,male,24,1998,engg
Mayur,987654321,mayur@webonise,male,26,1996,engg
Abhijeet,1212121212,abhijeet@webonise,male,30,1992,HR
Gaurav,1234567890,gaurav@webonise,male,24,1998,engg
Mayur,987654321,mayur@webonise,male,26,1996,engg
Abhijeet,1212121212,abhijeet@webonise,male,30,1992,HR
Gaurav,1234567890,gaurav@webonise,male,24,1998,engg
Mayur,987654321,mayur@webonise,male,26,1996,engg
Abhijeet,1212121212,abhijeet@webonise,male,30,1992,HR
Gaurav,1234567890,gaurav@webonise,male,24,1998,engg
Mayur,987654321,mayur@webonise,male,26,1996,engg
Abhijeet,1212121212,abhijeet@webonise,male,30,1992,HR
